{"ph": [6.087710108892796, 6.083880173096043, 6.00654110836495, 6.018114923805382, 5.9358390464705035, 5.995212651855028, 6.0250173092174775, 5.999853835821037, 5.9778777738756546, 5.883054830546223, 5.821447508040712, 5.858357780820279, 5.942296780570236, 5.917092240715404, 5.980901483675054, 6.073133291931455, 6.084898435455796, 5.986578792742093, 5.904943400551116, 5.8486050924820345, 6.098189114312179, 6.024749262145346, 6.100612326331639, 6.116786812000762, 6.19844207188141, 6.235532454540679, 6.263961366485444, 6.1645429752075085, 6.093199827830823, 6.184622389968874, 6.233815446306981, 6.303977310849551, 6.263769869716576, 6.271443764046308, 6.333645209759267, 6.330140732058738, 6.376563577063754, 6.322918686832127, 6.374442148840698, 6.285351673572395, 6.27294958416476, 6.17419805356859, 6.089262296986843, 6.129471285058117, 6.079865430386763, 6.007123412012151, 6.0003487974473035, 6.005458923438916, 5.941016290896372, 5.942514935651866], "ec": [1.8458685321234858, 1.8680276622163468, 1.8702199926084377, 1.8536719044849832, 1.8874813281490248, 1.8699372712455191, 1.911481657747535, 1.9217822080415803, 1.9061893099385925, 1.8689246808904416, 1.8969568358327091, 1.940290049953992, 1.89998051469399, 1.8610209317727797, 1.8659658609717955, 1.9050943514721124, 1.8697906756176508, 1.870546607510306, 1.8430070059219383, 1.8553383226907778, 1.8246899450835283, 1.8003310253367675, 1.7646680617591506, 1.7767791967248843, 1.7741944717623297, 1.7426881461951667, 1.7485392649076312, 1.7322334825755252, 1.6937633546328348, 1.707636794932905, 1.707335695040186, 1.6813610884764032, 1.7034332898541718, 1.7412454308082908, 1.713099502389091, 1.6784477703723726, 1.7140473924999216, 1.6790583475927674, 1.6636728034797374, 1.6889089801933967, 1.6829942893751344, 1.7291760886487444, 1.724545907996078, 1.7054872542197033, 1.7175160957681672, 1.6895330466681193, 1.6773019217353813, 1.6720541570955965, 1.6678188113758257, 1.6435005674981849], "water_level": [79.76008414590783, 79.28339845423405, 78.99663248549855, 78.73475825450244, 78.26845296640492, 78.08273702742781, 77.6446657346594, 77.28597175313686, 77.0512731744702, 76.99842086606802, 76.52632109295533, 76.23758571199018, 75.95941883101466, 75.86477679107652, 75.81603243156434, 75.49174588196307, 75.38407137445273, 75.13428307758426, 74.99271243963342, 74.72313429086903, 79.76218733969358, 100, 99.85130600907542, 99.52437791410695, 99.3807453276794, 99.24899835906938, 98.99346682839216, 98.8541607240316, 98.53958452460304, 98.09326291028862, 98.01511741311462, 97.5197948189832, 97.25323647216072, 97.06707000099934, 96.85524565637154, 96.77599498475513, 96.71782469679724, 96.37714189470243, 96.08580232822453, 95.94128215646965, 95.64913627380305, 95.58660806375644, 95.54892511219134, 95.24618718338958, 94.96918307934034, 94.59559512369034, 94.12553663238614, 94.11914341178438, 93.91949586232676, 93.72810234076891], "temperature": [24.8380251310932, 25.124385093843394, 25.084232743526034, 25.189501320361593, 25.448857438001596, 25.438829952105134, 25.50922180462878, 25.676139133029938, 25.963074102924267, 26.03090990618584, 25.882761889683085, 25.688391176407706, 25.66976309233, 25.600463371884544, 25.486316197725195, 25.73085496021947, 25.48321167642693, 25.53930421996462, 25.57407335903497, 25.50231469844841, 25.123207047916225, 25.26144599616093, 25.41365166022588, 25.15376365515003, 25.271001979705844, 25.557439207113756, 25.56734188351715, 25.649689306495276, 25.487206172555872, 25.3836750541617, 25.168060608556125, 24.934950150770597, 25.171140904695584, 24.911143029472328, 24.93517199925219, 24.910243433614788, 24.672216849776486, 24.587624634537043, 24.670028088735194, 24.40433701018007, 24.195740387995038, 24.19262172420762, 24.127852636006963, 24.314458541761265, 24.55178117794596, 24.48824436843185, 24.325801316710834, 24.45303134578237, 24.442870339941695, 24.488681470164995], "timestamps": ["09:25:14", "09:25:19", "09:25:24", "09:25:29", "09:25:34", "09:25:39", "09:25:44", "09:25:49", "09:25:54", "09:25:59", "09:26:04", "09:26:09", "09:26:14", "09:26:20", "09:26:25", "09:26:30", "09:26:35", "09:26:40", "09:26:45", "09:26:50", "20:38:32", "20:38:37", "20:38:42", "20:38:47", "20:38:52", "20:38:57", "20:39:02", "20:39:07", "20:39:12", "20:39:17", "20:39:22", "20:39:27", "20:39:32", "20:39:37", "20:39:42", "20:39:47", "20:39:52", "20:39:57", "20:40:02", "20:40:07", "20:40:13", "20:40:18", "20:40:23", "20:40:28", "20:40:33", "20:40:38", "20:40:43", "20:40:48", "20:40:53", "20:40:58"]}